input,target
था,थाली
सुयोग्,सुयोग
लहहर,लहर
चक्,चक्र
अt̪ʰिथि,अतिथि
मु,मुना
सउ,सुनौलो
नइर्,निर्माण
आंगनह,आँगन
अतुल,अतुल
प्र,प्रकृति
हवएल,हवेली
बर्,बर
मानवह,मानव
प्रगती,प्रगति
कऋ,कृपा
उदहय,उदय
सारथीई,सारथी
तपनह,तपन
मधहु,मधु
मंगहल,मंगल
जगात,जगत्
बिहाणी,बिहानी
जरा,जरायो
मदण,मदन
द्रव्य,द्रव्य
समाता,समता
सुव,सुवर्ण
ज्,ज्योति
आमूल,आमूल
अखणद,अखण्ड
कुश,कुशल
आद्र,आदर
सआरथ,सारथी
सनधय,सन्ध्या
सकलह,सकल
वइ,विद्या
मंग्ल,मंगल
थ,थुँगो
साहस्,साहस
क्षमटा,क्षमता
सनह्ध्या,सन्ध्या
आर्जन,आर्जन
आकाश,आकाश
दियालो्,दियालो
आकआ,आकार
क,कुशल
तराहजु,तराजु
वजन,वजन
कई,कीर्ति
सुहधार,सुधार
साक्षीह,साक्षी
उमांग,उमङ्ग
मुहा,मुहार
कीर्तिह,कीर्ति
प्,प्रकृति
प्र,प्रकाश
सदान,सदन
वि,विनय
श,शैली
सहआ,सहारा
रमाह,रमा
गोचर,गोचर
बिपन,बिपना
कएस,केसर
महिम,महिमा
असल्,असल
सुवि,सुविधा
दोभाण,दोभान
रिवाज,रिवाज
दीक्,दीक्षा
चाँदी्,चाँदी
योग,योग
सन्,सन्ध्या
निकासह,निकास
नइ,नियम
रओहइ,रोहिणी
समीप्,समीप
चाहनाह,चाहना
पव,पवित्र
पवन्,पवन
मञ्ह्जरी,मञ्जरी
उ,उदार
सयओ,संयोग
रिव,रिवाज
सा,सागर
सुधनह,सुधन
बगानह,बगान
जुर,जुरेली
सफ,सफा
तरे,तरेली
सिम्रिकह,सिम्रिक
सनदउ,सन्दुक
नइ,निकास
सुगन्,सुगन्ध
सउश,सुशील
सुरक्षा,सुरक्षा
ज्ञान,ज्ञान
स,सुन
बइर,बिरुवा
अटलाह,अटल
सजाग,सजग
अपारह,अपार
विद्या्,विद्या
नइ,निर्मल
सप,सपना
प्रणहय,प्रणय
अपाɦ,अपार
खजआन,खजाना
विधाण,विधान
गऔँ,गौँथली
म,मकल
अजहय,अजय
मञ्जर,मञ्जरी
आमऊ,आमूल
क,कुञ्ज
कुशाल,कुशल
वइपउ,विपुल
मणि्,मणि
शयहन,शयन
अफय,अभय
नक्षत्र,नक्षत्र
बिगुल्,बिगुल
प्र,प्रगति
प्रज्,प्रज्ञा
म,मिलन
लहना,लहना
यउव,युवा
दइयआल,दियालो
सुन,सुन
थुँगोह,थुँगो
जई,जीवन
भउ,भुवन
मऐन,मैना
सुधार,सुधार
क,कला
जह,जहाज
कोइली्,कोइली
मआ,माणिक
मौसाम,मौसम
मिलनह,मिलन
प्रज्ञाह,प्रज्ञा
वइव,विविध
अतिथि,अतिथि
पर,परेवा
छवहि,छवि
विद्य,विद्या
कव,कवि
तरेळी,तरेली
धनेश्,धनेश
रऔ,रौनक
थउँग,थुँगो
भवन,भवन
गऔँथ,गौँथली
घुम्ती,घुम्ती
सहा,सहारा
मयू,मयूर
अफूर्व,अपूर्व
ज,जुरेली
भुवहन,भुवन
अमहल,अमल
नह,नहर
चँ,चाँदनी
पुस्तकह,पुस्तक
आ,आदर्श
सूनौलो,सुनौलो
डँ,डाँफे
न,निकास
नरहम,नरम
सदन्,सदन
छआ,छायाँ
वि,विशाल
बआ,बाला
पृथ्वीह,पृथ्वी
विविहध,विविध
वि,विपुल
का,कामना
मैणा,मैना
तरआज,तराजु
चेतान,चेतन
जीवन,जीवन
रौ,रौनक
तराजू,तराजु
प्रीति्,प्रीति
बिरु,बिरुवा
नइ,निर्माण
नय,नयन
चरण,चरण
जीवन्,जीवन
चि,चिराग
हवेली,हवेली
बिरुवाह,बिरुवा
छायां,छायाँ
प,पौवा
जरआ,जरायो
ने,नेत्र
डब,डबली
बहालह,बहाल
अटल,अटल
अक्शर,अक्षर
सुय,सुयोग
निय्म,नियम
आ,आँचल
रम,रमा
कृ,कृपा
समयह,समय
परेवा्,परेवा
सुलभ,सुलभ
तरल्,तरल
मा,माली
माल,माला
छव,छवि
गओ,गोचर
खाहनी,खानी
बरह,बर
सउ,सुदिन
जर,जरायो
निपुण,निपुण
पत,पत्र
सउ,सुमुख
सऔगआ,सौगात
आ,आकाश
रओह,रोहिणी
चमेली,चमेली
तथ्यह,तथ्य
मुणा,मुना
लवहण,लवण
सउशई,सुशील
सउनऔल,सुनौलो
जुने,जुनेली
सगुन,सगुन
लाल,लाली
जहल,जल
कुंज,कुञ्ज
भूमि,भूमिका
समहीर,समीर
मुरलीह,मुरली
महिहमा,महिमा
तराज,तराजु
लवाण,लवण
मोतीह,मोती
सघन,सघन
अरहुण,अरुण
अम,अमर
निर्मल,निर्मल
सिहमल,सिमल
आर्जान,आर्जन
म,मगन
मिलहन,मिलन
सुहलभ,सुलभ
ग,गोरस
सगोळ,सगोल
स,सगोल
च,चमेली
अखण्द,अखण्ड
हआ,हार्दिक
थ,थैली
चक्र्,चक्र
मह,महल
यउग,युगल
चेहर,चेहरा
सउ,सुन
कलम्,कलम
गगन्,गगन
पोखरी्,पोखरी
से,सेवा
मौ,मौरी
लहनाह,लहना
अनन्त,अनन्त
य,युगल
तरेलीह,तरेली
रोचहक,रोचक
ड,डाली
मसळा,मसला
णयण,नयन
पठ,पठन
यु,युवा
उसा,उषा
निर्मल्,निर्मल
पोषण,पोषण
क,काव्य
तिर्सना,तिर्सना
प्रबहल,प्रबल
विवीध,विविध
रचना,रचना
घुम्त,घुम्ती
शीताल,शीतल
नरम,नरम
खनिज,खनिज
आँगण,आँगन
बचान,बचन
भ,भवन
सउर,सुरज
दइयआ,दियालो
प्री,प्रीति
सुलभ्,सुलभ
सउमउ,सुमुख
शआल,शालीन
अरूण,अरुण
नमन्,नमन
त,तक्मा
कपुɦ,कपुर
पविहत्र,पवित्र
सुधन,सुधन
आँ,आँचल
पठन,पठन
मिठाहस,मिठास
सूवर्ण,सुवर्ण
पवित्र्,पवित्र
मुहानह,मुहान
असला,असल
न्याय्,न्याय
सउमआर,सुमार्ग
सइम,सिम्रिक
भूम,भूमिका
निसा,निसाना
मिलन,मिलन
यात्री,यात्री
आकाɦ,आकार
मऔलइ,मौलिक
बचन्,बचन
बट,बटुवा
म,मानक
विनहय,विनय
परएव,परेवा
कुसुम,कुसुम
सगुण,सगुन
म,मिठास
झरना्,झरना
मन,मनीषा
बगहल,बगल
सु,सुख
सत्य्,सत्य
म,मौलिक
सघन्,सघन
पऋथ्,पृथ्वी
तआल,ताली
तइर्सन,तिर्सना
शाण,शान
सत्यह,सत्य
सु,सुधन
स,सुरक्षा
ज,जरायो
अति,अतिथि
प,पोषण
नरम्,नरम
दिय,दियालो
व,विशाल
थ,थलो
झरहना,झरना
पिपहल,पिपल
शा,शालीन
समी,समीप
अणुज,अनुज
आधार,आधार
छाता्,छाता
कपुरह,कपुर
शिरह,शिर
सा,साझा
घुमती,घुम्ती
स,सक्षम
झरना,झरना
विव,विवेक
तिर्सन,तिर्सना
अभहय,अभय
सदन,सदन
युव,युवा
कम्ल,कमल
सन्द,सन्दुक
कलम,कलम
ग,गोचर
अझहर,अजर
अतु,अतुल
प,परेवा
सक्षाम,सक्षम
चेहतन,चेतन
व,विजय
शि,शिर
समआ,समाज
श,शयन
अखणड,अखण्ड
स,सुन्दर
ममता्,ममता
कीर्,कीर्ति
तलऐ,तलैया
धैर्ह्य,धैर्य
न,निगम
भुवन्,भुवन
पठान,पठन
तो,तोरण
मायालु्,मायालु
स,सिमल
भऊग,भूगोल
नगɦ,नगर
च,चमक
आदर,आदर
नक्,नक्षत्र
मदहत,मदत
णमुणा,नमुना
खजाना,खजाना
पउ,पुष्प
उषा्,उषा
निसान,निसाना
रुप,रुपक
मऔ,मौलिक
वइ,विनय
ब,बिरुवा
मइसइ,मिसिल
करु,करुणा
चित्रह,चित्र
जउर,जुरेली
छहआ,छहारी
दल,दलान
प्र,प्रीति
दिहल,दिल
रओहइण,रोहिणी
धऐर्,धैर्य
स,सुवर्ण
गोचर्,गोचर
म,ममता
त,तरल
जोहर,जोर
चौतार,चौतारी
कवहच,कवच
सहाआरा,सहारा
प्रक,प्रकाश
सुवर्ण्,सुवर्ण
समूहह,समूह
तोरं,तोरण
मुलुक,मुलुक
छहा,छहारी
गोरसह,गोरस
पऔव,पौवा
लोचन्,लोचन
बटउ,बटुवा
पतरइ,पत्रिका
लह्र,लहर
जउ,जुरेली
सवहल,सवल
क,कपिल
सहहारा,सहारा
द्रव्य्,द्रव्य
शीत्ल,शीतल
पा,पाइला
सआँ,साँध
गओ,गोरस
पत्र्,पत्र
प्र,प्रदीप
सुदि,सुदिन
पोषहण,पोषण
छायाँह,छायाँ
कदाम,कदम
तक्,तक्मा
रओच,रोचक
साद,सादा
आदरा,आदर
मसहला,मसला
बगान,बगान
अस,असल
अर,अरुण
धान,धन
शैली,शैली
बइ,बिगुल
मउ,मुना
तरेहली,तरेली
काव्य,काव्य
तेहज,तेज
कवि,कविता
गुराँ,गुराँस
सि,सिम्रिक
विवि�ध,विविध
सम,समाज
उदारह,उदार
स,सुदिन
सक्ष,सक्षम
साहगर,सागर
सचेट,सचेत
योग्,योग
सआधन,साधना
अनन्त्,अनन्त
रोचाक,रोचक
पन्ना,पन्ना
नइव,निवास
मऔ,मौसम
सक्षम्,सक्षम
मदन,मदन
निर्दोष्,निर्दोष
अठल,अटल
नहɦ,नहर
बग,बगैँचा
पत्रह,पत्र
तराजु्,तराजु
भऊम,भूमिका
नियमह,नियम
जउनएल,जुनेली
बचत्,बचत
अकषर,अक्षर
सु,सुविधा
मयूहर,मयूर
मोहɦ,मोहर
मुर,मुरली
चए,चेतन
व,विद्या
आध,आधार
सगुन्,सगुन
डाळी,डाली
कपीळ,कपिल
चमाक,चमक
चेहरा,चेहरा
ताराह,तारा
अपहार,अपार
ग,गहना
साक्ष,साक्षी
नजिऱ,नजिर
व,विकास
सुधा,सुधार
शआलई,शालीन
दलहान,दलान
सत्,सत्य
डबहली,डबली
कि,किनारा
चिरायु,चिरायु
चम,चमेली
चमक्,चमक
सक,सकल
मानव्,मानव
ब,बाला
र,रवि
दर्पं,दर्पण
प्रदीप,प्रदीप
हरइ,हरित
दिवस्,दिवस
भु,भुवन
गौँथलीह,गौँथली
अर्पन,अर्पण
आसन,आसन
साहसह,साहस
सन्दुक्,सन्दुक
छहआर,छहारी
उतह्तम,उत्तम
आद्रश,आदर्श
माला,माला
झलकह,झलक
जआ,जाती
चा,चाहना
चांदनी,चाँदनी
गृहह,गृह
सु,सुमन
सआइ,साइत
सूशील,सुशील
ममताह,ममता
साधन,साधना
चाँ,चाँदी
मुहा,मुहान
लगन,लगन
प्रय,प्रयास
पात्र,पत्र
अन,अनन्त
आकाहर,आकार
सउ,सुगम
खानी,खानी
साधनाह,साधना
त्,त्रिकोण
पवइत्,पवित्र
आदर्शह,आदर्श
साथीह,साथी
उदय्,उदय
जमइ,जमिन
छिमेहकी,छिमेकी
मऐ,मैदान
सार,सारथी
सखा्,सखा
भूगोल,भूगोल
प्रदीप्,प्रदीप
हवहेली,हवेली
सा,साधना
उमङ,उमङ्ग
व,विवेक
प्र,प्रयास
आलो,आलोक
माय,मायालु
नेत्र,नेत्र
खनिज्,खनिज
पउस,पुस्तक
वृक्षह,वृक्ष
अघ्रझ,अग्रज
अनान्त,अनन्त
हाकिम,हाकिम
सइर,सिर्जना
शिशिरह,शिशिर
अजय,अजय
प,पृथ्वी
लगनह,लगन
लआ,लाली
नेहत्र,नेत्र
किराण,किरण
गऔर,गौरव
दइय,दियालो
छाया,छायाँ
आकार्,आकार
प्रगत,प्रगति
वृक्,वृक्ष
विवेक,विवेक
निसाना,निसाना
पोखर,पोखरी
धनह,धन
किल्हला,किल्ला
मनी,मनीषा
विपुल,विपुल
आस्थ,आस्था
विद्या,विद्या
सुदिन्,सुदिन
सकल,सकल
म,मौसम
सुमनह,सुमन
दर्प,दर्पण
आदर्,आदर्श
भुवण,भुवन
वइद्य,विद्या
मैद,मैदान
दियालो,दियालो
आ,आयाम
आंचल,आँचल
मायाल,मायालु
पन्न,पन्ना
चौतारी,चौतारी
धैर्,धैर्य
तबल,तबला
गोचार,गोचर
लक्ष्,लक्ष्य
विशाळ,विशाल
जईव,जीवन
य,योजना
साझआ,साझा
थैली्,थैली
बहर,बर
मिल,मिलन
तरएल,तरेली
बगल्,बगल
कइ,किरण
ढोकाह,ढोका
मोहरह,मोहर
गओरए,गोरेटो
करुणा,करुणा
दओभ,दोभान
सुयो,सुयोग
यो,योजना
ज,जनता
साखह,साख
कल,कलम
छआ,छाता
ग,गाथा
आंगन,आँगन
नक्षहत्र,नक्षत्र
असहल,असल
कमाल,कमल
म,मयूर
रच,रचना
यो,योग
कवइ,कविता
बइप,बिपना
डांफे,डाँफे
पत्रिक,पत्रिका
गमल,गमला
सपाना,सपना
निसानाह,निसाना
जल,जल
प्रभाव,प्रभाव
सफे,सफेद
दलान,दलान
म,मुलुक
पोखहरी,पोखरी
सउरकष,सुरक्षा
पवित्र,पवित्र
सुहविधा,सुविधा
कव्च,कवच
सुमु,सुमुख
भूमिकाह,भूमिका
नाभ,नभ
अथाअ,अथाह
ज्यओ,ज्योति
सउध,सुधार
तरए,तरेली
की,कीर्ति
सिहम्रिक,सिम्रिक
डाँ,डाँफे
सक्षमह,सक्षम
अगउव,अगुवा
विपहुल,विपुल
कल,कला
स,सुगम
कउ,कुसुम
प्रईत,प्रीति
छवि,छवि
मा,मानक
प्रई,प्रीति
उदाय,उदय
मुहाण,मुहान
च,चेतन
रमा,रमा
सइरज,सिर्जना
तप,तपन
पुस्त,पुस्तक
अरु,अरुण
आँग,आँगन
रमणह,रमण
योजहना,योजना
चइरआ,चिरायु
छ,छाता
सिमान,सिमाना
जु,जुनेली
दोभान्,दोभान
अरून,अरुण
रऔन,रौनक
तर,तरल
जुरेली्,जुरेली
डालीह,डाली
समू,समूह
मल्म,मलम
कामना,कामना
अजहर,अजर
प्रगति,प्रगति
गोरस,गोरस
शीर,शिर
अ,अगुवा
प्,प्रेम
मइल,मिलन
आलोक्,आलोक
यउ,युवा
छा,छायाँ
शिशिहर,शिशिर
चाहना,चाहना
ना,नाका
माणिक,माणिक
सिन्,सिन्धु
नइपउ,निपुण
मल,मलम
मआणइ,माणिक
आँच,आँचल
वऋक्,वृक्ष
चँदन,चाँदनी
चइ,चित्र
सऔग,सौगात
शि,शिशिर
सौगा,सौगात
दई,दीक्षा
लाळी,लाली
निसाणा,निसाना
सचए,सचेत
जुही,जुही
कुसूम,कुसुम
कोपिहला,कोपिला
ज्ञाना,ज्ञान
न,नभ
लो,लोचन
मआण,माणिक
विकासह,विकास
मिसिल,मिसिल
रेसाम,रेसम
जुरेळी,जुरेली
नेत्,नेत्र
आवास्,आवास
सटी,सटीक
थहलो,थलो
मि,मित
कईर्,कीर्ति
अमल्,अमल
उमं्ग,उमङ्ग
निगम्,निगम
सन्ध्याह,सन्ध्या
सिम्,सिम्रिक
कपहिल,कपिल
अपूर्,अपूर्व
निर्माणह,निर्माण
नमन,नमन
अभै,अभय
महाल,महल
रोहिणी्,रोहिणी
सुशीलह,सुशील
चमेली्,चमेली
सउ,सुख
पव,पवन
गह,गहना
विशाल्,विशाल
भ,भूगोल
कवच्,कवच
नभ्,नभ
अपार,अपार
लवण,लवण
छवी,छवि
दइ,दियालो
गआथ,गाथा
नि,निसाना
आद,आदर
डआ,डाली
सचेत,सचेत
पृथ्वी्,पृथ्वी
शैळी,शैली
विवि,विविध
साँ,साँध
सुनौल,सुनौलो
छिम,छिमेकी
दीक्षा,दीक्षा
अक्ष्र,अक्षर
के,केसर
दीक्षा्,दीक्षा
विधानह,विधान
पौवाह,पौवा
चाँ,चाँदनी
सउव,सुविधा
ल,लोचन
सिरा,सिरानी
नइ,निर्दोष
शान्त,शान्ति
कं्ठ,कण्ठ
सुहमन,सुमन
साका,साकार
प्रदी,प्रदीप
माया,मायालु
नमुना्,नमुना
सफेदह,सफेद
प्रकृत,प्रकृति
कि,किरण
करुहणा,करुणा
किनारा्,किनारा
धैर्य्,धैर्य
सुश,सुशील
जुन,जुनेली
व,विज्ञान
रमहण,रमण
अ,असल
सदनह,सदन
च,चिरायु
सइ,सिर्जना
शीतल्,शीतल
यआत्र,यात्री
प,पुस्तक
मुन,मुनाल
लेखक्,लेखक
व,विनय
कु,कुञ्ज
म,मिसिल
भू,भूगोल
श,शिशिर
विशालह,विशाल
चमेळी,चमेली
एकत,एकता
ज्योतिह,ज्योति
जन,जनता
साध,साधना
सारथ,सारथी
निर्दोहष,निर्दोष
चराण,चरण
अ,अनन्त
तार,तारा
साइत्,साइत
म,मदन
कलाम,कलम
मउहआ,मुहार
आ,आदर
गाजलह,गाजल
जाल,जल
उ,उन्नति
शुहभ,शुभ
बचण,बचन
घुम्तीह,घुम्ती
म,मधु
सउ,सुधन
मा,माणिक
संगम,संगम
नक्षत,नक्षत्र
पवि,पवित्र
बगाण,बगान
सुम,सुमुख
भ,भुवन
सन्,सन्दुक
सूधन,सुधन
विविधह,विविध
सूमार्ग,सुमार्ग
चमकह,चमक
बटुहवा,बटुवा
श,शालीन
को,कोइली
जआगऋत,जागृति
सुदिनह,सुदिन
कदरह,कदर
खजआ,खजाना
आका,आकार
त्रिको,त्रिकोण
सताह,सतह
सुवर्णह,सुवर्ण
ममहता,ममता
चँद,चाँदनी
मदहन,मदन
साहँध,साँध
आस्था्,आस्था
प,पठन
जीव,जीवन
समता,समता
सनध,सन्ध्या
जनत,जनता
वइवए,विवेक
सऔ,सौगात
तोरण्,तोरण
सुन्दर,सुन्दर
चिरा,चिरायु
चँ,चाँदी
सेवा,सेवा
नइक,निकास
सीमाना,सिमाना
कण्ठ,कण्ठ
लाँकुरी,लाँकुरी
चइ,चिराग
भन्डार,भन्डार
अथहा,अथाह
पोखरी,पोखरी
नम,नमुना
बहाल,बहाल
माळी,माली
पिप्ल,पिपल
र,रचना
अर्पण्,अर्पण
रत्न,रत्न
धै,धैर्य
कओपइ,कोपिला
सुविधाह,सुविधा
ह,हवेली
सगहुन,सगुन
जनता,जनता
सउवइध,सुविधा
आमुल,आमूल
ममत,ममता
अज,अजर
बगैँ,बगैँचा
आधआ,आधार
मलहम,मलम
ह,हाकिम
य,युवा
अरुण्,अरुण
धैर्य,धैर्य
कओपइल,कोपिला
मोहर्,मोहर
जुरेहली,जुरेली
भवहन,भवन
अपुर्व,अपूर्व
सगून,सगुन
विनम्ह्र,विनम्र
र,रोहिणी
क्षम,क्षमता
चएह,चेहरा
संगमह,संगम
अतइ,अतिथि
चनह्द्र,चन्द्र
प्रज्ञा,प्रज्ञा
म,मायालु
सुहगन्ध,सुगन्ध
बिगुळ,बिगुल
विज,विजय
प्रबल,प्रबल
सेव,सेवा
भवनह,भवन
नमउ,नमुना
शिर्,शिर
युगल,युगल
स,सुख
स,सकल
ब,बचत
ब,बिगुल
मउ,मुहार
दीप्,दीप
बगान्,बगान
पृथ्व,पृथ्वी
अझर,अजर
शु,शुभ
चिरायू,चिरायु
लाँक,लाँकुरी
चौतारी्,चौतारी
आधाहर,आधार
विकास,विकास
संगम्,संगम
स,साकार
प्रखर,प्रखर
सि,सिमाना
चिरायुह,चिरायु
अपूर्वा,अपूर्व
अर्प,अर्पण
मङ,मंगल
अटल्,अटल
गु,गुराँस
थआ,थाली
किल्ल,किल्ला
शानह,शान
न,निपुण
सुयोगह,सुयोग
पहत्र,पत्र
रवहि,रवि
जमुन,जमुना
चमक,चमक
कवि,कवि
भवण,भवन
चक्र,चक्र
अ,अरुण
मकल्,मकल
तबलाह,तबला
मिट,मित
लआ,लाभ
शइश,शिशिर
अतिथि्,अतिथि
ग,गाजल
आदर्,आदर
विकाहस,विकास
ख,खानी
प्रेम,प्रेम
छा,छाता
सूविधा,सुविधा
महि,महिमा
प्,प्रयास
अनु,अनुज
किल्लाह,किल्ला
प्,प्रबल
रमण,रमण
भुव,भुवन
वइ,विनम्र
नइर्द,निर्दोष
मओ,मोहर
सुनौलोह,सुनौलो
किना,किनारा
अक्सर,अक्षर
चिराय,चिरायु
रचहना,रचना
निकट्,निकट
थाळी,थाली
पआइ,पाइला
पठहन,पठन
अजर,अजर
मोत,मोती
विद्,विद्या
शान्ति,शान्ति
शइक्,शिक्षा
सगोल,सगोल
आकाष,आकाश
मऔल,मौलिक
तिर्सनाह,तिर्सना
दिल्,दिल
प्रणय,प्रणय
धैर्यह,धैर्य
यात्,यात्री
स,सिम्रिक
गौ,गौरव
कवचह,कवच
सनद,सन्दुक
व,विविध
हआरद,हार्दिक
कोपीला,कोपिला
सुमन्,सुमन
छ,छहारी
म,माला
सुमा,सुमार्ग
दर्,दर्शन
अंं्त,अनन्त
चरहण,चरण
मखान,मखन
मयूर,मयूर
चमेलीह,चमेली
पृथ्ह्वी,पृथ्वी
रम,रमण
सिहमाना,सिमाना
घ,घुम्ती
प्रयास,प्रयास
माल,माली
ज्योती,ज्योति
सउ,सुन्दर
आमूल्,आमूल
अतीथि,अतिथि
स,सुयोग
सउन,सुनौलो
न,नेत्र
सुरक्षाह,सुरक्षा
सादाह,सादा
अ,अपार
विवेहक,विवेक
मसला,मसला
परेल,परेली
पोषङ,पोषण
सगओ,सगोल
संयोग्,संयोग
वइप,विपुल
मुनालह,मुनाल
आदार,आदर
जाती्,जाती
मिलण,मिलन
सुनौ,सुनौलो
चौतारीह,चौतारी
जातीह,जाती
म,मखन
चिहत्र,चित्र
मह्ल,महल
मय,मयूर
सु,सुदिन
दलाण,दलान
नि,निगम
एक,एकता
भरओस,भरोसा
जआ,जागृति
कविह,कवि
स,सचेत
नहहर,नहर
प,पाइला
बिपणा,बिपना
त,तोरण
सउव,सुवर्ण
च,चित्र
हरित्,हरित
प्रए,प्रेम
नराम,नरम
आक,आकाश
गोचहर,गोचर
च,चाँदी
ब,बिहानी
लक्ष,लक्ष्य
हरिणह,हरिण
सउ,सुगन्ध
खआ,खानी
बइ,बिपना
सिप,सिप
चएत,चेतन
मितह,मित
शउ,शुभ
कदर,कदर
सिर्,सिर्जना
स,सुशील
अभाय,अभय
कृपा्,कृपा
झलहक,झलक
दोभान,दोभान
सुरक्ष,सुरक्षा
मयूर्,मयूर
लत,लता
अणूज,अनुज
गुराँस्,गुराँस
बगैँचा्,बगैँचा
तआर,तारा
वऋ,वृक्ष
वइश,विशाल
सादआ,सादा
मइठआ,मिठास
म,मैना
रौनक,रौनक
प्रकआ,प्रकाश
चा,चाँदी
विशाहल,विशाल
झलक,झलक
रोहिण,रोहिणी
हरिण्,हरिण
अरुणह,अरुण
कृपा,कृपा
सिमल,सिमल
स,सुमुख
लक्ष्य,लक्ष्य
शान्ती,शान्ति
जुरेली,जुरेली
नजहिर,नजिर
कदɦ,कदर
भूगोहल,भूगोल
क,किनारा
मौल,मौलिक
झर,झरना
अ,अखण्ड
आɦ्जन,आर्जन
सइ,सिमाना
दि,दियालो
कदहर,कदर
शुभ,शुभ
नयण,नयन
ल,लेखक
नयन,नयन
गऋ,गृह
सीम्रिक,सिम्रिक
जमहिन,जमिन
सिम्रिक्,सिम्रिक
म,मलम
थैळी,थैली
छिमेकीह,छिमेकी
गो,गोरस
रौनाक,रौनक
कणाठ,कण्ठ
आर्हजन,आर्जन
भूगोलह,भूगोल
जीवण,जीवन
जमुना,जमुना
बहाहल,बहाल
कुसहुम,कुसुम
प्रेमह,प्रेम
किनार,किनारा
कइल्,किल्ला
खज,खजाना
सुन्दर्,सुन्दर
अक्ष,अक्षर
भन्,भन्डार
लेखहक,लेखक
छि,छिमेकी
मक्ल,मकल
बचहत,बचत
कवि्,कवि
प,पोखरी
द्,द्रव्य
एकटा,एकता
गुरांस,गुराँस
त,तबला
दिव,दिवस
दियाळो,दियालो
निप,निपुण
अखण,अखण्ड
दील,दिल
सपहना,सपना
सु,सुगम
सौ,सौगात
चिरागा,चिराग
क,कोइली
कुञ्जह,कुञ्ज
नेत्र्,नेत्र
जुनेलीह,जुनेली
रोचकह,रोचक
थैल,थैली
इनामह,इनाम
तपण,तपन
शऐ,शैली
कपिलह,कपिल
पोषाण,पोषण
मखहन,मखन
लआल,लाली
सु,सुरज
गौँहथली,गौँथली
काव्ह्य,काव्य
पइप,पिपल
फूळ,फूल
स,साथी
शालीन्,शालीन
उत्तम,उत्तम
आषा,आशा
म,महिमा
थऐ,थैली
मिठासह,मिठास
निर्मा,निर्माण
जाग,जागृति
अगुबा,अगुवा
सइ,सिमल
भ,भन्डार
सेहवा,सेवा
वइ,विधान
आवासा,आवास
नियम्,नियम
मह,मह
मउ,मुनाल
रौनहक,रौनक
सगु,सगुन
धने,धनेश
रोच,रोचक
थाल,थाली
ज,जल
जोर,जोर
आसनह,आसन
ल,लाँकुरी
जउरए,जुरेली
डा,डाली
कुशल,कुशल
मदतह,मदत
रत्न्,रत्न
सआध,साधना
चाह,चाहना
तरेली,तरेली
वि,विवेक
सिम,सिमाना
सजहग,सजग
सआग,सागर
कपिल,कपिल
स,सेवा
चआह,चाहना
बालाह,बाला
सउनऔ,सुनौलो
रात्न,रत्न
साकार,साकार
मुन,मुना
गा,गाजल
आयामह,आयाम
ढओक,ढोका
गगण,गगन
तेज्,तेज
सउ,सुरज
निकास्,निकास
आदरश,आदर्श
द,दीक्षा
कदम्,कदम
नह्र,नहर
रचनाह,रचना
निर्माण,निर्माण
जमुना्,जमुना
त,तरेली
बिप,बिपना
सन्दुक,सन्दुक
सम,समूह
व,विपुल
स,सत्य
खन,खनिज
मआल,माला
कपुर,कपुर
मैदानह,मैदान
सआ,साथी
आधर,आधार
सहाराह,सहारा
योहग,योग
प्रख्र,प्रखर
स,सुमार्ग
कामणा,कामना
सन्ध्य,सन्ध्या
प्रीती,प्रीति
सुदिन,सुदिन
सउम,सुमुख
प्रज्ञा्,प्रज्ञा
मैदान,मैदान
नइर्म,निर्मल
मैनाह,मैना
डबलीह,डबली
जोरह,जोर
रचना्,रचना
लँक,लाँकुरी
वइ,विपुल
सूमुख,सुमुख
निर्मलह,निर्मल
दोभाहान,दोभान
वजहन,वजन
उ,उदय
लोच,लोचन
अ,अजय
विज्ञाण,विज्ञान
फटीक,फटिक
भू,भूमिका
मइ,मिलन
किरण,किरण
कओ,कोइली
सहार,सहारा
लगान,लगन
लँकउर,लाँकुरी
कुस,कुसुम
कआ,काव्य
अनुझ,अनुज
कउसउ,कुसुम
नजिर,नजिर
ऊर्जा,ऊर्जा
मध,मधु
साइत,साइत
मऔर,मौरी
वइक,विकास
विशाल,विशाल
लाँकुरीह,लाँकुरी
पुस्तक,पुस्तक
शैलीह,शैली
ध,धैर्य
नमुना,नमुना
एकता्,एकता
छिमे,छिमेकी
आश,आशा
मि,मिठास
वृक्ष्,वृक्ष
साहइत,साइत
सहारा,सहारा
मानव,मानव
मोटी,मोती
विनम्,विनम्र
अर्पण,अर्पण
अनुज्,अनुज
सआ,साख
आ,आधार
आकार,आकार
माणि,माणिक
योजन,योजना
सआ,साकार
सराल,सरल
नि,निकास
तलैय,तलैया
सिप्,सिप
आस,आसन
जमुनाह,जमुना
परए,परेवा
योज,योजना
भन्डआ,भन्डार
रत्नह,रत्न
ज्ञानह,ज्ञान
उ,उमङ्ग
लए,लेखक
तिर्,तिर्सना
योगह,योग
नक्षत्रह,नक्षत्र
जु,जुरेली
सइन,सिन्धु
कदमह,कदम
निगम,निगम
माणिक्,माणिक
बइरउव,बिरुवा
केस्र,केसर
स,समाज
यात्रीह,यात्री
निकाहस,निकास
आदर्ष,आदर्श
ब,बचन
विवे,विवेक
दिळ,दिल
युवाह,युवा
आया,आयाम
सौग,सौगात
शय,शयन
जगत,जगत्
तपहन,तपन
छात,छाता
सरहल,सरल
साइ,साइत
बगैँचाह,बगैँचा
किन,किनारा
नक्ष,नक्षत्र
कउस,कुसुम
अ,अर्पण
नइ,निवास
दियाहलो,दियालो
सइनध,सिन्धु
शान्,शान
सा,साहस
महिमा्,महिमा
प्रीति,प्रीति
ज,जमुना
युग्ल,युगल
कमहल,कमल
मआ,मायालु
करुण,करुणा
हाहर्दिक,हार्दिक
ग,गोरेटो
ज,जाती
रजत्,रजत
मैदान्,मैदान
गआज,गाजल
अखण्ड्,अखण्ड
मदान,मदन
रओ,रोहिणी
चइत्,चित्र
शिर,शिर
तबहला,तबला
डाँफे,डाँफे
निर्महल,निर्मल
अतूुल,अतुल
सउ,सुलभ
सउध,सुधन
सु,सुरक्षा
मि,मिलन
सुर,सुरज
चेतन,चेतन
गमहला,गमला
भंडार,भन्डार
स,समीर
स,समय
चाँदी,चाँदी
दिवास,दिवस
स,सुधार
जुनेहली,जुनेली
घुंती,घुम्ती
मउह,मुहार
आयाम्,आयाम
मिठा,मिठास
पुष्प,पुष्प
साक,साकार
लह,लहना
लवणह,लवण
मौलीक,मौलिक
लोचहन,लोचन
प्रग,प्रगति
भन्डारह,भन्डार
धनेष,धनेश
सफहा,सफा
मउह,मुहान
चिराग्,चिराग
छइम,छिमेकी
सुन्द,सुन्दर
पवितार,पवित्र
बिग,बिगुल
सं,संयोग
आ,आलोक
कआव्,काव्य
सौगात,सौगात
अक्षर्,अक्षर
उदा,उदार
क,कुसुम
त्रिकोणह,त्रिकोण
लता,लता
दर्पण्,दर्पण
पवनह,पवन
मखन,मखन
सुग,सुगम
नयनह,नयन
सन्दु,सन्दुक
सउय,सुयोग
कपहुर,कपुर
सउ,सुविधा
भऊगओ,भूगोल
लहन,लहना
नइवआ,निवास
विज्ञाहान,विज्ञान
संय,संयोग
कुश्ल,कुशल
सुरज,सुरज
माली,माली
स,संगम
रमाण,रमण
थुँ,थुँगो
कवहि,कवि
त्रिकोहण,त्रिकोण
मिलन्,मिलन
खनि,खनिज
पओखर,पोखरी
कृहपा,कृपा
सवलह,सवल
चिराग,चिराग
स,साख
दओभआ,दोभान
सूगन्ध,सुगन्ध
आ,आँगन
सखाह,सखा
किनाराह,किनारा
सुध,सुधन
अगुहा,अगुवा
यन्त्र,यन्त्र
रोचक्,रोचक
आकाल,आकार
प्,प्रज्ञा
सून्दर,सुन्दर
नियहम,नियम
साँध्,साँध
शयन,शयन
सुन्,सुन्दर
दर्शण,दर्शन
सा,साथी
समीरह,समीर
सिरानीह,सिरानी
गाजाल,गाजल
सु,सुगन्ध
सउम,सुमार्ग
लता्,लता
पोषं,पोषण
किनाहरा,किनारा
छ,छवि
सफ,सफल
बहा,बहाल
द्रव्यह,द्रव्य
कआम,कामना
ढओ,ढोका
तए,तेज
रएस,रेसम
सगोहल,सगोल
विपूल,विपुल
केसर,केसर
समूह्,समूह
उन्नति्,उन्नति
रुपक,रुपक
निकटह,निकट
पाइल,पाइला
अपऊर्,अपूर्व
चित्,चित्र
अमर,अमर
मंजरी,मञ्जरी
पत्रि,पत्रिका
ल,लाली
रसइ,रसिक
मह,महिमा
स,सिप
सागर,सागर
मौलिक,मौलिक
जमिन,जमिन
हार्दि,हार्दिक
समी,समीर
पन्ना्,पन्ना
जहा,जहाज
चे,चेहरा
प्रब,प्रबल
तरेली्,तरेली
प्रणयह,प्रणय
सनध्या,सन्ध्या
आंचलह,आँचल
निपूण,निपुण
सदहन,सदन
लाँकुहरी,लाँकुरी
किरणह,किरण
उमङ्गह,उमङ्ग
बइह,बिहानी
दिवहस,दिवस
पिपलह,पिपल
वइवइ,विविध
चमएल,चमेली
गओच,गोचर
अनूज,अनुज
सुन,सुनौलो
अग,अग्रज
निय,नियम
बग,बगल
सय,संयोग
मगण,मगन
लवं,लवण
कीनारा,किनारा
आक,आकार
प,पुष्प
भूमिका्,भूमिका
तथ्य्,तथ्य
धण,धन
सफेेद,सफेद
रुपकह,रुपक
दओ,दोभान
रोहिणीह,रोहिणी
क,कदर
महलह,महल
मउन,मुना
शइ,शिर
व,विनम्र
साख,साख
चंद्र,चन्द्र
अगउ,अगुवा
स,सादा
लोचण,लोचन
वइन,विनय
गोरे,गोरेटो
पो,पोषण
वइज्ञ,विज्ञान
सउवर,सुवर्ण
छहार,छहारी
रज,रजत
आमहूल,आमूल
विज्ञान्,विज्ञान
आँगन,आँगन
चँद,चाँदी
बटुवा,बटुवा
सुहयोग,सुयोग
श,शिर
बिह,बिहानी
निर्माहाण,निर्माण
बइरउ,बिरुवा
सनहदुक,सन्दुक
कणहठ,कण्ठ
म,मोती
सा,सारथी
दिवा्,दिवा
अतउ,अतुल
प्रकृति,प्रकृति
सक्षहम,सक्षम
दर्पण,दर्पण
क,कपुर
ऊर्ज,ऊर्जा
अज,अजय
उन्नहति,उन्नति
तरल,तरल
सि,सिप
भन्डा,भन्डार
रजत,रजत
तलै,तलैया
समा,समाज
बिहाहनी,बिहानी
गाजहल,गाजल
रस,रसिक
अपूर्व,अपूर्व
सुव,सुविधा
लहणा,लहना
सआ,सागर
बहाळ,बहाल
डँफ,डाँफे
हरितह,हरित
मानक्,मानक
दिवस,दिवस
शिक्,शिक्षा
कलाह,कला
भऊ,भूमिका
स,साहस
सम,समीर
बाला,बाला
काव्यह,काव्य
द,दर्शन
आलोका,आलोक
विपुल्,विपुल
अनुजह,अनुज
मञ्जरीह,मञ्जरी
सुरज्,सुरज
तइ,तिर्सना
यआत्,यात्री
रेसहम,रेसम
आंगन्,आँगन
उषाह,उषा
बर,बर
आम,आमूल
नजीर,नजिर
मआ,माला
तक्मा्,तक्मा
बगैंचा,बगैँचा
अɦुण,अरुण
शिशिर्,शिशिर
न्यायह,न्याय
सु,सुलभ
पिपल,पिपल
बइगउ,बिगुल
गाज,गाजल
भरोसाह,भरोसा
पओख,पोखरी
आदहर,आदर
झल्क,झलक
करुणाह,करुणा
प्रयासह,प्रयास
मान,मानक
मसल,मसला
रइवआ,रिवाज
सुहमार्ग,सुमार्ग
निपुणह,निपुण
ऊर्,ऊर्जा
समीर्,समीर
कर,करुणा
कण्ठ्,कण्ठ
सआ,साक्षी
अजय्,अजय
मखन्,मखन
आमू,आमूल
पओष,पोषण
अतूल,अतुल
अर्पं,अर्पण
छाताह,छाता
अग्रह,अग्रज
मउन,मुनाल
साकार्,साकार
सूधार,सुधार
जराहयो,जरायो
न,नमन
सगउ,सगुन
छआय,छायाँ
समहूह,समूह
शइ,शिशिर
सुगन्ध्,सुगन्ध
मिसिल्,मिसिल
सउनद,सुन्दर
खआन,खानी
निकहट,निकट
माली्,माली
निर्माण्,निर्माण
सइर,सिरानी
ह,हरिण
बइग,बिगुल
आसहन,आसन
मउलउ,मुलुक
स,सिर्जना
काव्,काव्य
सन्ध्,सन्ध्या
विशा,विशाल
नमुणा,नमुना
विजाय,विजय
गो,गोचर
कपु,कपुर
दि,दिवा
मैना,मैना
प्रभआ,प्रभाव
पउसत,पुस्तक
जीवहन,जीवन
तर,तराजु
गौ,गौँथली
किनारा,किनारा
कङ्ठ,कण्ठ
तराजु,तराजु
बि,बिपना
जगहत,जगत्
दर्पn,दर्पण
स,साँध
उदार्,उदार
साहख,साख
मिलान,मिलन
फटिकह,फटिक
क,कमल
रौनक्,रौनक
च,चरण
यओ,योजना
खनिजह,खनिज
शीतहल,शीतल
मंगल्,मंगल
ईनाम,इनाम
खनीज,खनिज
लएख,लेखक
दरह्पण,दर्पण
म,मसला
पुस्,पुस्तक
रे,रेखा
सआद,सादा
मन,मन
केसɦ,केसर
अजर्,अजर
आर्जन्,आर्जन
सफाह,सफा
म,मुनाल
सकाल,सकल
सउ,सुमार्ग
सच,सचेत
स,सन्ध्या
आशा,आशा
मालाह,माला
र,रौनक
णिसाणा,निसाना
स,सगुन
प्रभाहव,प्रभाव
अझय,अजय
कीरण,किरण
पुस्ताक,पुस्तक
अ,अक्षर
र,रेसम
सउयओ,सुयोग
आयआ,आयाम
धन,धन
दईक्ष,दीक्षा
आलोहक,आलोक
मुहाहान,मुहान
अघ्रज,अग्रज
श,शुभ
छहाहरी,छहारी
का,काव्य
बगआ,बगान
चऔत,चौतारी
कंठ,कण्ठ
मआ,माली
हवेल,हवेली
काम,कामना
अपू,अपूर्व
छहारी्,छहारी
गुरा,गुराँस
अक्,अक्षर
लहर,लहर
वजन्,वजन
पुष्प्,पुष्प
गउरँ,गुराँस
निपुङ,निपुण
रसिक्,रसिक
मआयआल,मायालु
कईर्त,कीर्ति
रिवाजह,रिवाज
नाक,नाका
सन,सन्दुक
नमुनाह,नमुना
त,तथ्य
परए,परेली
मयऊ,मयूर
चाँद,चाँदी
पौहवा,पौवा
नमनह,नमन
र,रमा
संग्म,संगम
पवित्रह,पवित्र
सउग,सुगन्ध
उन्नती,उन्नति
मालीह,माली
मलमह,मलम
महइ,महिमा
विश,विशाल
क,कवि
जमिन्,जमिन
मोती्,मोती
ज्योति,ज्योति
मक,मकल
कुञ्ज्,कुञ्ज
सटहीक,सटीक
भवन्,भवन
अग्रझ,अग्रज
न्या,न्याय
समीइर,समीर
सा,साक्षी
सु,सुन
निर्दो,निर्दोष
दीक्षाह,दीक्षा
सूदिन,सुदिन
निक,निकास
तल,तलैया
उन्नति,उन्नति
र,रिवाज
मित,मित
परेळी,परेली
चाँद,चाँदनी
पठण,पठन
साहहस,साहस
शआ,शान्ति
लाभह,लाभ
तथ्,तथ्य
जगतह,जगत्
सआ,साझा
र,रमण
कपिळ,कपिल
ए,एकता
हआ,हाकिम
कदम,कदम
जआत,जाती
तइर्,तिर्सना
सआकष,साक्षी
फूल,फूल
जउह,जुही
सद,सदन
रमा्,रमा
शिशिर,शिशिर
मऐ,मैना
अथाह,अथाह
विज्,विज्ञान
अमɦ,अमर
जरायो,जरायो
मकहल,मकल
शआ,शालीन
झ,झलक
सुहनौलो,सुनौलो
आंचाल,आँचल
सिन्धु,सिन्धु
मुहार्,मुहार
आधार्,आधार
रचणा,रचना
सउद,सुदिन
नगार,नगर
उत्,उत्तम
स,सघन
कला,कला
सम,समीप
गमळा,गमला
रएख,रेखा
भरोहसा,भरोसा
ड,डबली
निपुण्,निपुण
परेवाह,परेवा
मुनाळ,मुनाल
आंचल्,आँचल
लक्,लक्ष्य
दिया,दियालो
मुना,मुनाल
उदारा,उदार
प,पिपल
न्याय,न्याय
फटहिक,फटिक
मकल,मकल
सक्ल,सकल
तलैया्,तलैया
नहर्,नहर
सफा,सफा
चाँहदनी,चाँदनी
फूहल,फूल
भूमिहका,भूमिका
शइक्ष,शिक्षा
मउ,मुलुक
मोहहर,मोहर
तराल,तरल
क,कृपा
झलक्,झलक
यन्त्र्,यन्त्र
परएल,परेली
स,साक्षी
ज्योहति,ज्योति
द,दलान
डाँफे्,डाँफे
तारा्,तारा
बगाल,बगल
अभय,अभय
चित्र,चित्र
स,सवल
मौलिकह,मौलिक
आमूला,आमूल
सटीक,सटीक
जनताह,जनता
पौवा्,पौवा
सउगन,सुगन्ध
अ,अजर
छआत,छाता
तआ,तारा
मदट,मदत
मह्,मह
पोष,पोषण
सख,सखा
आकाहश,आकाश
मुना्,मुना
सरलह,सरल
श,शान्ति
खा,खानी
स,सपना
गमलाह,गमला
जी,जीवन
आंगान,आँगन
सउ,सुयोग
सआक,साकार
नभ,नभ
सुम,सुमार्ग
रोह,रोहिणी
गाथा,गाथा
माह,मह
सुगन्ध,सुगन्ध
अर्,अर्पण
कद्र,कदर
मआन,मानक
रमण्,रमण
डआल,डाली
स,सुनौलो
क्षमताह,क्षमता
गुराँसह,गुराँस
फटि,फटिक
स,सुमन
अम्र,अमर
वइधआ,विधान
रवी,रवि
प्रण,प्रणय
उमङ्ग्,उमङ्ग
झल,झलक
ज्ञआ,ज्ञान
थ,थाली
सक्ष्म,सक्षम
कव,कविता
नाका्,नाका
खानी्,खानी
विन,विनय
नि,नियम
अखाण्ड,अखण्ड
कुशल्,कुशल
द,दीप
मंगलह,मंगल
गम,गमला
श,शीतल
रेख,रेखा
भुवन,भुवन
अजार,अजर
पो,पोखरी
रिवाज्,रिवाज
शान्तिह,शान्ति
सइमआन,सिमाना
निवाहस,निवास
इनआ,इनाम
सिपह,सिप
हार्दिक्,हार्दिक
अम,अमल
दला,दलान
वि,विविध
मंगाल,मंगल
र,रत्न
मौसम्,मौसम
पवइ,पवित्र
आयाहम,आयाम
थाली्,थाली
थुँहगो,थुँगो
प्रयआ,प्रयास
रत्ह्न,रत्न
प्रकृहति,प्रकृति
माला्,माला
जीवनह,जीवन
सइम,सिमाना
लँकउ,लाँकुरी
वइ,विजय
कुं्ज,कुञ्ज
छहारीह,छहारी
छइ,छिमेकी
शिहर,शिर
मधु,मधु
कुञ्हज,कुञ्ज
मगनह,मगन
बगऐँ,बगैँचा
सु,सुनौलो
सुनौलो,सुनौलो
छिमेकी,छिमेकी
उमहङ्ग,उमङ्ग
आ,आर्जन
गोरहस,गोरस
खजाहना,खजाना
जुनेली्,जुनेली
सउरक,सुरक्षा
तारा,तारा
मोती,मोती
माण,माणिक
गौँथली्,गौँथली
उम,उमङ्ग
सवाल,सवल
जीवान,जीवन
शयण,शयन
किल्ला,किल्ला
समहता,समता
तबळा,तबला
क,कीर्ति
कइनआ,किनारा
उदआ,उदार
अमर्,अमर
रेस,रेसम
बचात,बचत
प्रणय्,प्रणय
आस्,आस्था
मौर,मौरी
मानकह,मानक
बिगुल,बिगुल
सइमर,सिम्रिक
भरोसा्,भरोसा
खानीह,खानी
दलान्,दलान
वि,विजय
चि,चिरायु
मुनाह,मुना
मोहार,मोहर
सिम्रिक,सिम्रिक
मनई,मनीषा
अग्राज,अग्रज
अतहुल,अतुल
छायाहाँ,छायाँ
कु,कुशल
दर्श,दर्शन
भूगोळ,भूगोल
मुरहली,मुरली
सउदइ,सुदिन
रचन,रचना
कल्म,कलम
वइज्ञआ,विज्ञान
क,कोपिला
वइद्,विद्या
कि,किल्ला
दिवाह,दिवा
पवान,पवन
अतीथी,अतिथि
कप,कपुर
गौराव,गौरव
जागृतिह,जागृति
समाजह,समाज
केसहर,केसर
शआ,शान
मइठ,मिठास
तिर्सना्,तिर्सना
नइ,निपुण
मधु्,मधु
कुसुमह,कुसुम
चइर,चिरायु
पुस्तक्,पुस्तक
मस,मसला
बइहआ,बिहानी
अखं्ड,अखण्ड
हआरदइ,हार्दिक
बटउव,बटुवा
डाल,डाली
रसीक,रसिक
मिसिळ,मिसिल
ममता,ममता
मऔस,मौसम
ग,गमला
सगुनह,सगुन
थैली,थैली
मम,ममता
सौगात्,सौगात
क,करुणा
निर्,निर्मल
नि,निकट
उ,उषा
अथ,अथाह
स,सुरज
रोहिणी,रोहिणी
मगन्,मगन
आवआ,आवास
गआ,गाजल
परेली,परेली
समत,समता
प,परेली
नमहन,नमन
ज्ञाहान,ज्ञान
पुस्तहक,पुस्तक
जमु,जमुना
साग,सागर
कइ,किनारा
दर्,दर्पण
चाहन,चाहना
मायालुह,मायालु
कामन,कामना
खनइ,खनिज
निगमह,निगम
मनीषा्,मनीषा
जहाजह,जहाज
स,सरल
यन्त,यन्त्र
खनहिज,खनिज
चरण्,चरण
मा,मायालु
जागृत,जागृति
निपुहण,निपुण
ब,बगैँचा
रेस्म,रेसम
शिक्ष,शिक्षा
शूभ,शुभ
ताली,ताली
निसाहना,निसाना
स,सखा
प्र,प्रेम
नजिर्,नजिर
गओर,गोरेटो
मैना्,मैना
ल,लाभ
आसन्,आसन
अताह,अथाह
किल,किल्ला
साधना,साधना
क्षमहता,क्षमता
चितार,चित्र
सुहरक्षा,सुरक्षा
स,संयोग
स,सुधन
अ,अथाह
बाल,बाला
गग,गगन
सूगम,सुगम
मयूरह,मयूर
परेवा,परेवा
सटीकह,सटीक
निवासह,निवास
कोपिला्,कोपिला
सुधारह,सुधार
हरइ,हरिण
मनीष,मनीषा
परेली्,परेली
कोइहली,कोइली
अननत,अनन्त
मलम्,मलम
अथाह्,अथाह
अगूवा,अगुवा
जहाहज,जहाज
यओज,योजना
बग्ल,बगल
कउ,कुञ्ज
मधुह,मधु
हाकिमह,हाकिम
मै,मैदान
कए,केसर
आधारह,आधार
साथीई,साथी
भन्ह्डार,भन्डार
आंगण,आँगन
सग,सगुन
जउ,जुनेली
ता,तारा
प्रकृतिह,प्रकृति
नमउन,नमुना
तलैहया,तलैया
चेह,चेहरा
य,यात्री
तपन,तपन
स,सतह
सफेद,सफेद
सफेद्,सफेद
पऔ,पौवा
च,चिराग
सारथी,सारथी
पुष्ह्प,पुष्प
अ,अमल
मकलह,मकल
सेवाह,सेवा
प्रकाहश,प्रकाश
जागृती,जागृति
व,विधान
जउ,जुही
छाता,छाता
अम्ल,अमल
मलाम,मलम
सीमल,सिमल
उन्नतिह,उन्नति
नइर्,निर्मल
चेतनह,चेतन
हाकिम्,हाकिम
लक्ष्ह्य,लक्ष्य
चन्द,चन्द्र
स,समीप
लगण,लगन
चिरायु्,चिरायु
निस,निसाना
शिशीर,शिशिर
बटुव,बटुवा
ज,जागृति
तर,तरेली
लओच,लोचन
छाय,छायाँ
समाआज,समाज
सन्ध्या,सन्ध्या
रत्,रत्न
उमंग,उमङ्ग
अगूबा,अगुवा
पवण,पवन
रोहि,रोहिणी
रओ,रोचक
प्रकृती,प्रकृति
ढो,ढोका
प्रभ,प्रभाव
निगाम,निगम
सुर,सुरक्षा
मा,माला
अभयह,अभय
क्,क्षमता
प्,प्रखर
पवहन,पवन
थलोह,थलो
लँ,लाँकुरी
क,कदम
तपन्,तपन
बिपहना,बिपना
प्रखर्,प्रखर
जउरएल,जुरेली
पवित्,पवित्र
सुमुख,सुमुख
शआन्त,शान्ति
जुरेल,जुरेली
हवेलीह,हवेली
लगन्,लगन
त्रिकोण्,त्रिकोण
मइ,मित
सपनाह,सपना
पौ,पौवा
सउ,सुरक्षा
उदाहर,उदार
निर्,निर्दोष
सुहशील,सुशील
चइ,चिरायु
त्रिकोङ,त्रिकोण
ज्,ज्ञान
ब,बहाल
सिनधु,सिन्धु
जुरे,जुरेली
अनउ,अनुज
अगुव,अगुवा
दर्शनह,दर्शन
न्,न्याय
अपारा,अपार
मुहारह,मुहार
तक्मा,तक्मा
सीर्जना,सिर्जना
दीप,दीप
मिस,मिसिल
बगैँहचा,बगैँचा
सखा,सखा
सनदुक,सन्दुक
वि,विधान
क्षमता्,क्षमता
कइनआर,किनारा
परेहवा,परेवा
आल,आलोक
मानक,मानक
सुग,सुगन्ध
युगलह,युगल
शा,शान
स,सिन्धु
क,कामना
लेख,लेखक
प्रयास्,प्रयास
चन्द्रह,चन्द्र
बचहन,बचन
पन्नाह,पन्ना
सउ,सुधार
तपान,तपन
प्रकऋत,प्रकृति
साझा,साझा
सिमानाह,सिमाना
मसलाह,मसला
बगैँचा,बगैँचा
दि,दिवस
अक्श्र,अक्षर
कृपाह,कृपा
चाँदीह,चाँदी
ज,जुनेली
खाणी,खानी
धन्,धन
बइ,बिरुवा
लालीह,लाली
गौँथ,गौँथली
पत्र,पत्रिका
शिक्षा,शिक्षा
योजणा,योजना
सइरआन,सिरानी
कओइ,कोइली
अखङ्ड,अखण्ड
रुपहक,रुपक
मऐद,मैदान
बिगहुल,बिगुल
अत,अतिथि
तोरहण,तोरण
फूलह,फूल
सजगह,सजग
पौव,पौवा
आस्थाह,आस्था
नए,नेत्र
समूउह,समूह
मुरळी,मुरली
ब,बटुवा
मउरल,मुरली
लाभ,लाभ
नइस,निसाना
घु,घुम्ती
पिपल्,पिपल
ऊर्जा्,ऊर्जा
प्रक,प्रकृति
नगर्,नगर
विजय,विजय
मदन्,मदन
सीप,सिप
विनम्रह,विनम्र
बइहआन,बिहानी
उषा,उषा
शिशि,शिशिर
खजानाह,खजाना
मधू,मधु
बिरुहवा,बिरुवा
प्,प्रदीप
वृ,वृक्ष
मउ,मुरली
भुवान,भुवन
ल,लहना
प्रभाव्,प्रभाव
लाँकुर,लाँकुरी
भरओ,भरोसा
नियाम,नियम
हआक,हाकिम
दइ,दिल
क्षमता,क्षमता
ग,गगन
अनंत,अनन्त
जम,जमिन
सन,सन्ध्या
नहरह,नहर
अपूरव,अपूर्व
र,रोचक
नज,नजिर
जमुहना,जमुना
च,चाहना
गगनह,गगन
सागर्,सागर
मौ,मौलिक
दी,दीक्षा
निग्म,निगम
अतहिथि,अतिथि
पओ,पोषण
रुपाक,रुपक
मन्,मन
दर्ह्शन,दर्शन
प्रख,प्रखर
कीर्ति,कीर्ति
निर्म,निर्मल
चन्द्र्,चन्द्र
न,निकट
हा,हार्दिक
चाहणा,चाहना
ग,गुराँस
भऊ,भूगोल
अमल,अमल
र,रजत
समऊ,समूह
सआह,साहस
सु,सुधार
स,सदन
मौलि,मौलिक
आधाɦ,आधार
सआक,साक्षी
छ,छायाँ
भरोसा,भरोसा
लक्ष्यह,लक्ष्य
महल्,महल
विन,विनम्र
हवेलीई,हवेली
निगहम,निगम
पन्,पन्ना
जमउन,जमुना
मद,मदत
पउ,पुस्तक
स,सुगन्ध
न,निसाना
निकास,निकास
सिम्र,सिम्रिक
कदहम,कदम
कवाच,कवच
ल,लगन
वइ,विविध
अप,अपार
सिर्जनाह,सिर्जना
नइर्म,निर्माण
सुध,सुधार
भ,भरोसा
अरुं,अरुण
पत,पत्रिका
रवि,रवि
ज,जोर
प्रखहर,प्रखर
अथआ,अथाह
महह,मह
मद,मदन
तआ,ताली
उ,उत्तम
ताल,ताली
कद,कदम
ढोका्,ढोका
चेत,चेतन
झरणा,झरना
चर,चरण
त्रिकोण,त्रिकोण
चए,चेहरा
आर्ज,आर्जन
मइस,मिसिल
मआन,मानव
नाकाह,नाका
विजयह,विजय
नइर्,निर्दोष
सि,सिन्धु
र,रुपक
अ,अभय
ब,बिपना
चि,चित्र
चांदी,चाँदी
तइर्स,तिर्सना
ळाळी,लाली
वइन,विनम्र
कविता्,कविता
विवेक्,विवेक
स,समूह
मउनआ,मुनाल
सिरानी,सिरानी
कव,कवच
कोइलीह,कोइली
आयाम,आयाम
ज्य,ज्योति
चिर,चिराग
आकाश्,आकाश
यु,युगल
जलह,जल
प्रकाश्,प्रकाश
चम्क,चमक
चाहहना,चाहना
कुशलह,कुशल
म,मानव
पिप,पिपल
च,चौतारी
सुगम्,सुगम
पुष्,पुष्प
प्रगटि,प्रगति
मआयआ,मायालु
कण्,कण्ठ
सुरजह,सुरज
नजि,नजिर
संयोोग,संयोग
चाँदनी,चाँदनी
ब,बगान
प्र,प्रभाव
एकता,एकता
चाँहदी,चाँदी
ह,हार्दिक
लाली्,लाली
निवास्,निवास
सचेतह,सचेत
गाथ,गाथा
सउ,सुवर्ण
स,साइत
अथुल,अतुल
सौहगात,सौगात
विक,विकास
समाज्,समाज
साखआ,साख
सघनह,सघन
मञ्ज,मञ्जरी
सइ,सिम्रिक
उत्ताम,उत्तम
ल,लहर
हव,हवेली
मुरल,मुरली
परेव,परेवा
समीर,समीर
विविध्,विविध
दीपह,दीप
मणि,मणि
थआल,थाली
मौरी,मौरी
साँधआ,साँध
सूरक्षा,सुरक्षा
साक्,साक्षी
नरमह,नरम
पृथ्,पृथ्वी
समीइप,समीप
प्रगति्,प्रगति
जआगऋ,जागृति
मौसहम,मौसम
प्रकऋ,प्रकृति
बह,बहाल
प्रकाशह,प्रकाश
नमुन,नमुना
चा,चाँदनी
पाइ,पाइला
छहारी,छहारी
अग्,अग्रज
अभय्,अभय
प्रीहति,प्रीति
प्रभावह,प्रभाव
सिन्धुह,सिन्धु
सारथीह,सारथी
अजɦ,अजर
दिल,दिल
स,सजग
योजनाह,योजना
उदार,उदार
सग,सगोल
सउवइ,सुविधा
सइरजन,सिर्जना
नग्र,नगर
मिसि,मिसिल
साहकार,साकार
रौन,रौनक
चकह्र,चक्र
ड,डाँफे
मसला्,मसला
मआय,मायालु
शान,शान
आवाहस,आवास
जहाजा,जहाज
गउ,गुराँस
चऔतआर,चौतारी
सिम,सिमल
आर्,आर्जन
पठनह,पठन
रसिक,रसिक
सघहन,सघन
श,शिक्षा
रश्ह्मि,रश्मि
दर्पणह,दर्पण
निका,निकास
मुरली्,मुरली
ढ,ढोका
तलऐय,तलैया
मौसमह,मौसम
पत्रिका्,पत्रिका
जाटी,जाती
जागृहति,जागृति
समहीप,समीप
तोरणह,तोरण
त्रइकओ,त्रिकोण
रमं,रमण
क,कलम
प्र,प्रखर
इनामा,इनाम
अस्ल,असल
कोपि,कोपिला
शिश,शिशिर
ग,गौरव
विकास्,विकास
शालीनह,शालीन
किल्ला्,किल्ला
पोख,पोखरी
गोरास,गोरस
अखंड,अखण्ड
जा,जागृति
सघण,सघन
स,सन्दुक
आलोकह,आलोक
बिरुवा,बिरुवा
सइ,सिन्धु
न,निवास
तिर्सणा,तिर्सना
रेसम्,रेसम
ऊर्झा,ऊर्जा
मणहि,मणि
मौलिक्,मौलिक
निव,निवास
चमेहली,चमेली
म,मञ्जरी
सफहल,सफल
नइय,नियम
थुँगो्,थुँगो
चऔतआ,चौतारी
छइमए,छिमेकी
सए,सेवा
मुल,मुलुक
ज्ञाण,ज्ञान
रेखा,रेखा
अरुण,अरुण
द,दिवस
अखंड्,अखण्ड
ला,लाभ
प्,प्रकाश
प्रब्ल,प्रबल
सुहधन,सुधन
संयोगह,संयोग
चऔ,चौतारी
ग,गौँथली
केसर्,केसर
प्रबलह,प्रबल
योजना,योजना
साकारह,साकार
सुधन्,सुधन
रश्मि्,रश्मि
साइइत,साइत
कविताह,कविता
बगै,बगैँचा
च,चाँदनी
गहहना,गहना
स,सुविधा
न,नगर
कीर्हति,कीर्ति
आकर,आकार
रो,रोचक
थैलीह,थैली
ढोहका,ढोका
ऊर्जाह,ऊर्जा
हआकइ,हाकिम
गऔ,गौरव
सइमआ,सिमाना
आदरह,आदर
नइसआन,निसाना
वइ,विशाल
र,रेखा
मौलिहक,मौलिक
मानहक,मानक
नमु,नमुना
तथ्य,तथ्य
पोखरीह,पोखरी
आंचहल,आँचल
जा,जाती
सफल्,सफल
शईत,शीतल
ले,लेखक
सघ,सघन
दीहप,दीप
लग,लगन
अमरा,अमर
मुनाल,मुनाल
न,नमुना
म,महल
मआ,मानव
आधा,आधार
उमङ्ग,उमङ्ग
प्,प्रणय
खजाना्,खजाना
बिपना,बिपना
अ,अपूर्व
साहदा,सादा
कीर्ति्,कीर्ति
भव,भवन
प,पत्र
सइ,सिरानी
ज्यओत,ज्योति
त,तपन
साहास,साहस
लक्ष्य्,लक्ष्य
गाठा,गाथा
दियालोह,दियालो
शयन्,शयन
छ,छिमेकी
आसण,आसन
सुहन,सुन
संयो,संयोग
गाथा्,गाथा
प्रदई,प्रदीप
प्रद,प्रदीप
साहथी,साथी
आकास,आकाश
चइर,चिराग
सूलभ,सुलभ
कआमन,कामना
मुलुक्,मुलुक
शइशइ,शिशिर
त्रिकों,त्रिकोण
मइ,मिठास
न्यआ,न्याय
धनए,धनेश
साहधना,साधना
डाँहफे,डाँफे
द्रव्,द्रव्य
साहरथी,सारथी
निवा,निवास
कउश,कुशल
सिमलह,सिमल
किरहण,किरण
सुमार्,सुमार्ग
यन्त्रह,यन्त्र
सून,सुन
रि,रिवाज
मउ,मुहान
धहन,धन
फऊ,फूल
डाँफेह,डाँफे
प,पन्ना
बिहानी,बिहानी
सचेत्,सचेत
गमला,गमला
त्रइक,त्रिकोण
शान्ह्ति,शान्ति
मोह्र,मोहर
बगैँच,बगैँचा
अर्पणह,अर्पण
अर,अर्पण
गृ,गृह
सुमार्ग,सुमार्ग
सिर्जना,सिर्जना
चिरहाग,चिराग
प,पवन
थऐल,थैली
साक्षीई,साक्षी
हर,हरिण
मा,मानव
हार्,हार्दिक
महइम,महिमा
सुधार्,सुधार
गो,गोरेटो
नइर्मआ,निर्माण
नइ,निगम
तेजह,तेज
चिरा,चिराग
मु,मुरली
द,दोभान
बचतह,बचत
कुसुम्,कुसुम
गौरव्,गौरव
प्रकाश,प्रकाश
वृक्ष,वृक्ष
म,मदत
सुलभह,सुलभ
र,रश्मि
विधान,विधान
मलम,मलम
निर्,निर्माण
सहआर,सहारा
थालीह,थाली
मओत,मोती
न,नयन
लवण्,लवण
दिवसह,दिवस
क्षमत,क्षमता
आशा्,आशा
निकट,निकट
स,सिरानी
नि,निपुण
पृथ्वी,पृथ्वी
हरित,हरित
मैदाण,मैदान
तरा,तराजु
निक,निकट
पाइलाह,पाइला
मण,मन
थलो्,थलो
नेत्रह,नेत्र
गोरेटो,गोरेटो
शीतल,शीतल
गगान,गगन
पतर,पत्रिका
समीप,समीप
आर्जण,आर्जन
मख,मखन
यआ,यात्री
घउम्,घुम्ती
विविध,विविध
अखn्ड,अखण्ड
अग्रज्,अग्रज
प्ɦखɦ,प्रखर
चमए,चमेली
गगहन,गगन
समहाज,समाज
आलोक,आलोक
मइ,मिसिल
सचे,सचेत
भूगोल्,भूगोल
यन्,यन्त्र
मिसिलह,मिसिल
कवी,कवि
प्रका,प्रकाश
सूमन,सुमन
चमे,चमेली
दी,दीप
रइव,रिवाज
रश्मि,रश्मि
प्रखार,प्रखर
कइन,किनारा
गहन,गहना
गोरेहटो,गोरेटो
थु,थुँगो
सफल,सफल
संगहम,संगम
सुहख,सुख
कओप,कोपिला
रउ,रुपक
बगल,बगल
सा,साइत
वजान,वजन
विपुळ,विपुल
स,साधना
हरि,हरित
अमला,अमल
नइकआ,निकास
रश्म,रश्मि
सआ,साइत
अथा,अथाह
न,नियम
विव,विविध
नगर,नगर
कोईली,कोइली
कदर्,कदर
आ,आवास
मुलुकह,मुलुक
जागृति्,जागृति
समताह,समता
सुमन,सुमन
म,माणिक
सं,संगम
विधान्,विधान
गहना्,गहना
पोषण्,पोषण
गहना,गहना
मुलु,मुलुक
सेवआ,सेवा
दलआ,दलान
व,वृक्ष
कवीता,कविता
फ,फटिक
सिन्ध,सिन्धु
म,मुहान
गोर,गोरस
सुमुख्,सुमुख
अनुज,अनुज
जमउ,जमुना
दई,दीप
करउण,करुणा
सआथ,साथी
घुमह्ती,घुम्ती
नहभ,नभ
थल,थलो
निकाट,निकट
रे,रेसम
द,दर्पण
शिक्षा्,शिक्षा
कोपिलाह,कोपिला
हवए,हवेली
सआ,साधना
वइशआ,विशाल
रउप,रुपक
अग्र,अग्रज
प्रगहति,प्रगति
सु,सुशील
डबली,डबली
कम,कमल
उदाɦ,उदार
मायाळु,मायालु
अरपण,अर्पण
चौ,चौतारी
हवे,हवेली
बिगूल,बिगुल
सत्य,सत्य
बगऐँच,बगैँचा
द,दियालो
सन्ध,सन्ध्या
मुहान,मुहान
रो,रोहिणी
अजै,अजय
सउम,सुमन
सफाल,सफल
दईक्,दीक्षा
मदत,मदत
सफए,सफेद
बिहान,बिहानी
लहहना,लहना
रश्,रश्मि
युवा,युवा
बइपन,बिपना
छइमएक,छिमेकी
आमूलह,आमूल
मदत्,मदत
सआर,सारथी
सुवर्,सुवर्ण
सघान,सघन
विपु,विपुल
बिपना्,बिपना
विज्ञानह,विज्ञान
प्रदीहप,प्रदीप
सह,सहारा
सरल्,सरल
ल,लक्ष्य
मनीषाह,मनीषा
नहार,नहर
सम,समय
स,सफा
मुहाहर,मुहार
मउल,मुलुक
स,सफल
सुन्दरह,सुन्दर
गुरहाँस,गुराँस
प्रबाल,प्रबल
ज्यो,ज्योति
झलाक,झलक
समय्,समय
फटइ,फटिक
लेखाक,लेखक
गाजल,गाजल
कुशहल,कुशल
आँचल,आँचल
साइतह,साइत
सुशील,सुशील
बाला्,बाला
सएव,सेवा
सुख,सुख
रए,रेसम
गआ,गाथा
सुल,सुलभ
असलह,असल
फटिक,फटिक
उन्नत,उन्नति
निपु,निपुण
जो,जोर
चे,चेतन
गऔँथल,गौँथली
अघुवा,अगुवा
नभह,नभ
भूमिक,भूमिका
कोपिल,कोपिला
अटहल,अटल
न,नहर
सिहन्धु,सिन्धु
पाइला,पाइला
जउनए,जुनेली
हर,हरित
फू,फूल
साक्षी,साक्षी
अतइथ,अतिथि
नयहन,नयन
सआ,सादा
फटिक्,फटिक
रसिकह,रसिक
उद,उदय
तरआ,तराजु
सु,सुन्दर
सचेहत,सचेत
कवच,कवच
बइ,बिहानी
सिरान,सिरानी
ज्योटि,ज्योति
नइक,निकट
सुगन्धह,सुगन्ध
डबल,डबली
तओ,तोरण
सुरक्,सुरक्षा
स,सागर
बि,बिगुल
गओ,गोरेटो
जात,जाती
जल्,जल
तओर,तोरण
म,मुना
घुम्ती्,घुम्ती
क,किल्ला
चइरआ,चिराग
उतम,उत्तम
पऋथ्व,पृथ्वी
खान,खानी
यात्री्,यात्री
केसरह,केसर
गौँथली,गौँथली
जमीन,जमिन
मञ्जरी्,मञ्जरी
एकताह,एकता
लोचन,लोचन
जुह,जुही
स,समता
कोइल,कोइली
कामना्,कामना
साहझा,साझा
कीर्त,कीर्ति
अमहर,अमर
लहर्,लहर
पाइळा,पाइला
मं,मंगल
भन्डार्,भन्डार
अमरह,अमर
सगो,सगोल
न,नजिर
जुनेळी,जुनेली
वइ,विज्ञान
हार्दिकह,हार्दिक
त्र,त्रिकोण
नजइ,नजिर
महिमा,महिमा
जम,जमुना
मान,मन
सुवर्ण,सुवर्ण
समीपह,समीप
विनम्र,विनम्र
सम,समता
कोपिला,कोपिला
मो,मोहर
जु,जुही
परे,परेली
सक्,सक्षम
माणीक,माणिक
सटिक्,सटीक
सौगातह,सौगात
संगाम,संगम
प्रीतिह,प्रीति
ममटा,ममता
रश्मी,रश्मि
गौर,गौरव
साहस,साहस
नइप,निपुण
डा,डाँफे
अर्पाण,अर्पण
थाली,थाली
सुनह,सुन
दीक्ष,दीक्षा
प्रदीपह,प्रदीप
दि,दिल
णमण,नमन
साझाह,साझा
काव्य्,काव्य
मौरी्,मौरी
लोचनह,लोचन
जुहीह,जुही
पठन्,पठन
डाँफ,डाँफे
जमिण,जमिन
महल,महल
मौस्म,मौसम
चरं,चरण
दर्शन,दर्शन
प्रगतिह,प्रगति
छह,छहारी
चरणह,चरण
मु,मुहान
करुणा्,करुणा
मखनह,मखन
हआर,हार्दिक
नइग,निगम
दियाल,दियालो
म,मंगल
वइध,विधान
हरहिण,हरिण
उन्नाति,उन्नति
सन्दुकह,सन्दुक
भूमिका,भूमिका
कळा,कला
सुशील्,सुशील
तक्माह,तक्मा
माणिकह,माणिक
आदहर्श,आदर्श
अप्रूर्व,अपूर्व
शऐल,शैली
निर्दोषह,निर्दोष
महिमाह,महिमा
मग,मगन
शआन्,शान्ति
सिर्जन,सिर्जना
चाँदनीह,चाँदनी
थउ,थुँगो
पओ,पोखरी
सुहमुख,सुमुख
चएहर,चेहरा
जमि,जमिन
मगहन,मगन
म,मन
धन,धनेश
प्रे,प्रेम
अभ,अभय
नगरह,नगर
अमाल,अमल
परेलीह,परेली
तरळ,तरल
संयोग,संयोग
जोर्,जोर
ज्ञान्,ज्ञान
नर्म,नरम
वइज्,विज्ञान
सिमल्,सिमल
गौरहव,गौरव
चम,चमक
वज,वजन
डाली्,डाली
ता,ताली
मुलूक,मुलुक
अर्पn,अर्पण
अप,अपूर्व
कपिल्,कपिल
अपार्,अपार
ताळी,ताली
कुञ्,कुञ्ज
अखन्ड,अखण्ड
सकल्,सकल
अतिथ,अतिथि
गओर,गोरस
निपुं,निपुण
दइ,दिवस
सउ,सुमन
चिर,चिरायु
साझ,साझा
अतुल्,अतुल
अठहल,अटल
रश्मिह,रश्मि
सागरह,सागर
जळ,जल
युवा्,युवा
हाहकिम,हाकिम
रोचक,रोचक
ज,जगत्
कइ,किल्ला
डाली,डाली
जराय,जरायो
पऋ,पृथ्वी
छाटा,छाता
लाभ्,लाभ
सु,सुयोग
खजान,खजाना
न,निर्मल
उन्,उन्नति
जआग,जागृति
ध,धन
उत्तमह,उत्तम
वइज,विजय
गोचरह,गोचर
रजात,रजत
सुगमह,सुगम
सफ,सफेद
तिर्ह्सना,तिर्सना
गृह,गृह
शान्टि,शान्ति
उदय,उदय
चाहना्,चाहना
चआ,चाहना
तिरसना,तिर्सना
अपूर्व्,अपूर्व
नमुहना,नमुना
इन,इनाम
नक्षात्र,नक्षत्र
मायालू,मायालु
बा,बाला
समई,समीर
जमुणा,जमुना
चिराहयु,चिरायु
करउ,करुणा
सट,सटीक
मओ,मोती
जागृति,जागृति
सआ,साँध
कीर्ती,कीर्ति
सिर्ज,सिर्जना
विध,विधान
सुविध,सुविधा
जनहता,जनता
स,सारथी
मखण,मखन
मणिह,मणि
शान्,शान्ति
विजय्,विजय
माणिहक,माणिक
पउष्,पुष्प
तबला्,तबला
तलैयाह,तलैया
अपा,अपार
जओ,जोर
मनईष,मनीषा
सा,साख
प्रज्ञ,प्रज्ञा
अताहा,अथाह
गा,गाथा
पाइला्,पाइला
थुँगो,थुँगो
घउ,घुम्ती
मैदा,मैदान
आंगहन,आँगन
मैन,मैना
सुमार्गह,सुमार्ग
उन्न,उन्नति
सीरानी,सिरानी
प्रकाष,प्रकाश
सूयोग,सुयोग
सउ,सुशील
सुगम,सुगम
यओजन,योजना
म,माली
सपन,सपना
गऔ,गौँथली
जहाज्,जहाज
हाकि,हाकिम
चाँदनी्,चाँदनी
संयहोग,संयोग
आका,आकाश
पिपाल,पिपल
य,यन्त्र
गओरएट,गोरेटो
को,कोपिला
रजहत,रजत
प्रया,प्रयास
मउर,मुरली
म,मौरी
सिहर्जना,सिर्जना
सफलह,सफल
न,नरम
कोइ,कोइली
फूल्,फूल
साथी,साथी
सुहन्दर,सुन्दर
आदɦ्श,आदर्श
साहक्षी,साक्षी
चेतन्,चेतन
दर्शन्,दर्शन
रुपक्,रुपक
दइव,दिवा
प्,प्रीति
बचत,बचत
वजनह,वजन
झ,झरना
त्रिक,त्रिकोण
ल,लवण
भरो,भरोसा
कलहम,कलम
आंच्ल,आँचल
अनंन्त,अनन्त
तक्म,तक्मा
सतह,सतह
ज,जीवन
चेहराह,चेहरा
आदर्श,आदर्श
सफआ,सफा
सरल,सरल
सुहरज,सुरज
रिवाहज,रिवाज
विनम्र्,विनम्र
नहर,नहर
समाज,समाज
पत्रिहका,पत्रिका
आकाशह,आकाश
मीत,मित
गाथाह,गाथा
प्र,प्रबल
आस्था,आस्था
प्र,प्रज्ञा
मऐदआ,मैदान
ज्योत,ज्योति
भरोस,भरोसा
प्रबल्,प्रबल
फट,फटिक
लव,लवण
सतह्य,सत्य
वइ,विवेक
मुह,मुहान
बहआ,बहाल
अमार,अमर
अनुजाह,अनुज
उदाल,उदार
च,चेहरा
कामहना,कामना
कोइली,कोइली
फ,फूल
हा,हाकिम
नम,नमन
दोभ,दोभान
मुनाल्,मुनाल
